4fec46,::1,GET,http://localhost:90/www/Esprit4All_Symfony/web/app_dev.php/restauration,1510702017,,200
4a473b,::1,GET,http://localhost:90/www/Esprit4All_Symfony/web/app_dev.php/restauration,1510702021,,200
c30a47,::1,GET,http://localhost:90/www/Esprit4All_Symfony/web/app_dev.php/images/map_marker.png,1510702021,ed15a9,200
ed15a9,::1,GET,http://localhost:90/www/Esprit4All_Symfony/web/app_dev.php/images/map_marker.png,1510702021,,404
14c739,::1,GET,http://localhost:90/www/Esprit4All_Symfony/web/app_dev.php/restauration,1510702047,,200
243f50,::1,GET,http://localhost:90/www/Esprit4All_Symfony/web/app_dev.php/restauration,1510702051,,200
1a7a0e,::1,GET,http://localhost:90/www/Esprit4All_Symfony/web/app_dev.php/images/map_marker.png,1510702051,2f617f,200
2f617f,::1,GET,http://localhost:90/www/Esprit4All_Symfony/web/app_dev.php/images/map_marker.png,1510702051,,404
b3f04b,::1,GET,http://localhost:90/www/Esprit4All_Symfony/web/app_dev.php/restauration,1510702374,,200
97b7c3,::1,GET,http://localhost:90/www/Esprit4All_Symfony/web/app_dev.php/restauration,1510702379,,200
22bc6f,::1,GET,http://localhost:90/www/Esprit4All_Symfony/web/app_dev.php/images/map_marker.png,1510702380,0fc032,200
0fc032,::1,GET,http://localhost:90/www/Esprit4All_Symfony/web/app_dev.php/images/map_marker.png,1510702380,,404
9d0e44,::1,GET,http://localhost:90/www/Esprit4All_Symfony/web/app_dev.php/restauration,1510702466,,200
6ac217,::1,GET,http://localhost:90/www/Esprit4All_Symfony/web/app_dev.php/restauration,1510702470,,200
cba341,::1,GET,http://localhost:90/www/Esprit4All_Symfony/web/app_dev.php/images/map_marker.png,1510702471,6fd69a,200
6fd69a,::1,GET,http://localhost:90/www/Esprit4All_Symfony/web/app_dev.php/images/map_marker.png,1510702471,,404
3abf8d,::1,GET,http://localhost:90/www/Esprit4All_Symfony/web/app_dev.php/restauration,1510702627,,200
ba67d1,::1,GET,http://localhost:90/www/Esprit4All_Symfony/web/app_dev.php/restauration,1510702631,,200
f8c8bd,::1,GET,http://localhost:90/www/Esprit4All_Symfony/web/app_dev.php/images/map_marker.png,1510702633,4f2b9c,200
4f2b9c,::1,GET,http://localhost:90/www/Esprit4All_Symfony/web/app_dev.php/images/map_marker.png,1510702633,,404
4f6917,::1,GET,http://localhost:90/www/Esprit4All_Symfony/web/app_dev.php/restauration,1510702674,,200
2fbccb,::1,GET,http://localhost:90/www/Esprit4All_Symfony/web/app_dev.php/restauration,1510702677,,200
ef6442,::1,GET,http://localhost:90/www/Esprit4All_Symfony/web/app_dev.php/images/map_marker.png,1510702678,c1837b,200
c1837b,::1,GET,http://localhost:90/www/Esprit4All_Symfony/web/app_dev.php/images/map_marker.png,1510702678,,404
e767d7,::1,GET,http://localhost:90/www/Esprit4All_Symfony/web/app_dev.php/images/map_marker.png,1510702703,98517d,200
98517d,::1,GET,http://localhost:90/www/Esprit4All_Symfony/web/app_dev.php/images/map_marker.png,1510702703,,404
e0ca38,::1,GET,http://localhost:90/www/Esprit4All_Symfony/web/app_dev.php/images/map_marker.png,1510702740,bb4f87,200
bb4f87,::1,GET,http://localhost:90/www/Esprit4All_Symfony/web/app_dev.php/images/map_marker.png,1510702740,,404
e2ca67,::1,GET,http://localhost:90/www/Esprit4All_Symfony/web/app_dev.php/restauration,1510702744,,200
f62e69,::1,GET,http://localhost:90/www/Esprit4All_Symfony/web/app_dev.php/restauration,1510702746,,200
ec1a19,::1,GET,http://localhost:90/www/Esprit4All_Symfony/web/app_dev.php/images/map_marker.png,1510702747,195f02,200
195f02,::1,GET,http://localhost:90/www/Esprit4All_Symfony/web/app_dev.php/images/map_marker.png,1510702747,,404
414ad9,::1,GET,http://localhost:90/www/Esprit4All_Symfony/web/app_dev.php/restauration,1510702941,,200
b32530,::1,GET,http://localhost:90/www/Esprit4All_Symfony/web/app_dev.php/restauration,1510702943,,200
059ac0,::1,GET,http://localhost:90/www/Esprit4All_Symfony/web/app_dev.php/images/map_marker.png,1510702944,cf05bc,200
cf05bc,::1,GET,http://localhost:90/www/Esprit4All_Symfony/web/app_dev.php/images/map_marker.png,1510702944,,404
011dc3,::1,GET,http://localhost:90/www/Esprit4All_Symfony/web/app_dev.php/restauration,1510702970,,200
c905d0,::1,GET,http://localhost:90/www/Esprit4All_Symfony/web/app_dev.php/restauration,1510702972,,200
8b445e,::1,GET,http://localhost:90/www/Esprit4All_Symfony/web/app_dev.php/images/map_marker.png,1510702973,771f7e,200
771f7e,::1,GET,http://localhost:90/www/Esprit4All_Symfony/web/app_dev.php/images/map_marker.png,1510702973,,404
004441,::1,GET,http://localhost:90/www/Esprit4All_Symfony/web/app_dev.php/images/map_marker.png,1510703027,7842a8,200
7842a8,::1,GET,http://localhost:90/www/Esprit4All_Symfony/web/app_dev.php/images/map_marker.png,1510703028,,404
d7260d,::1,GET,http://localhost:90/www/Esprit4All_Symfony/web/app_dev.php/restauration,1510704322,,200
cd5ca3,::1,GET,http://localhost:90/www/Esprit4All_Symfony/web/app_dev.php/restauration,1510704326,,200
55bfb7,::1,GET,http://localhost:90/www/Esprit4All_Symfony/web/app_dev.php/images/map_marker.png,1510704326,958347,200
958347,::1,GET,http://localhost:90/www/Esprit4All_Symfony/web/app_dev.php/images/map_marker.png,1510704326,,404
a38384,::1,GET,http://localhost:90/www/Esprit4All_Symfony/web/app_dev.php/restauration/single_product,1510704339,c34870,200
c34870,::1,GET,http://localhost:90/www/Esprit4All_Symfony/web/app_dev.php/restauration/single_product,1510704340,,404
827523,::1,GET,http://localhost:90/www/Esprit4All_Symfony/web/app_dev.php/single_product,1510704347,91413b,200
91413b,::1,GET,http://localhost:90/www/Esprit4All_Symfony/web/app_dev.php/single_product,1510704347,,404
2dec99,::1,GET,http://localhost:90/www/Esprit4All_Symfony/web/app_dev.php/single_product,1510704362,fd0312,200
fd0312,::1,GET,http://localhost:90/www/Esprit4All_Symfony/web/app_dev.php/single_product,1510704362,,404
c61b7f,::1,GET,http://localhost:90/www/Esprit4All_Symfony/web/app_dev.php/restauration,1510704366,,200
db4381,::1,GET,http://localhost:90/www/Esprit4All_Symfony/web/app_dev.php/restauration,1510704369,,200
f36480,::1,GET,http://localhost:90/www/Esprit4All_Symfony/web/app_dev.php/images/map_marker.png,1510704369,c277fe,200
c277fe,::1,GET,http://localhost:90/www/Esprit4All_Symfony/web/app_dev.php/images/map_marker.png,1510704369,,404
714332,::1,GET,http://localhost:90/www/Esprit4All_Symfony/web/app_dev.php/home,1510704372,,200
1e3191,::1,GET,http://localhost:90/www/Esprit4All_Symfony/web/app_dev.php/restauration,1510704374,,200
5a1337,::1,GET,http://localhost:90/www/Esprit4All_Symfony/web/app_dev.php/restauration,1510704377,,200
d1cd80,::1,GET,http://localhost:90/www/Esprit4All_Symfony/web/app_dev.php/images/map_marker.png,1510704377,07cd42,200
07cd42,::1,GET,http://localhost:90/www/Esprit4All_Symfony/web/app_dev.php/images/map_marker.png,1510704377,,404
662ad8,::1,GET,http://localhost:90/www/Esprit4All_Symfony/web/app_dev.php/single_product,1510704400,35ee4f,200
35ee4f,::1,GET,http://localhost:90/www/Esprit4All_Symfony/web/app_dev.php/single_product,1510704400,,500
4015b1,::1,GET,http://localhost:90/www/Esprit4All_Symfony/web/app_dev.php/single_product,1510704483,77b0f0,200
77b0f0,::1,GET,http://localhost:90/www/Esprit4All_Symfony/web/app_dev.php/single_product,1510704483,,500
116ba0,::1,GET,http://localhost:90/www/Esprit4All_Symfony/web/app_dev.php/single_product,1510704532,d828d7,200
d828d7,::1,GET,http://localhost:90/www/Esprit4All_Symfony/web/app_dev.php/single_product,1510704532,,500
78db72,::1,GET,http://localhost:90/www/Esprit4All_Symfony/web/app_dev.php/single_product,1510704635,192a8c,200
192a8c,::1,GET,http://localhost:90/www/Esprit4All_Symfony/web/app_dev.php/single_product,1510704635,,500
35c52c,::1,GET,http://localhost:90/www/Esprit4All_Symfony/web/app_dev.php/single_product,1510704639,7bbd74,200
7bbd74,::1,GET,http://localhost:90/www/Esprit4All_Symfony/web/app_dev.php/single_product,1510704639,,500
13f968,::1,GET,http://localhost:90/www/Esprit4All_Symfony/web/app_dev.php/restauration,1510704641,f54efa,200
f54efa,::1,GET,http://localhost:90/www/Esprit4All_Symfony/web/app_dev.php/restauration,1510704641,,500
d23b04,::1,GET,http://localhost:90/www/Esprit4All_Symfony/web/app_dev.php/restauration,1510704645,9d4f13,200
9d4f13,::1,GET,http://localhost:90/www/Esprit4All_Symfony/web/app_dev.php/restauration,1510704645,,500
b24171,::1,GET,http://localhost:90/www/Esprit4All_Symfony/web/app_dev.php/restauration,1510704732,138e87,200
138e87,::1,GET,http://localhost:90/www/Esprit4All_Symfony/web/app_dev.php/restauration,1510704733,,500
7d65f7,::1,GET,http://localhost:90/www/Esprit4All_Symfony/web/app_dev.php/restauration,1510704785,e3d756,200
e3d756,::1,GET,http://localhost:90/www/Esprit4All_Symfony/web/app_dev.php/restauration,1510704785,,500
0070d6,::1,GET,http://localhost:90/www/Esprit4All_Symfony/web/app_dev.php/ingle_product,1510704803,e057f6,200
e057f6,::1,GET,http://localhost:90/www/Esprit4All_Symfony/web/app_dev.php/ingle_product,1510704803,,404
ce9a3f,::1,GET,http://localhost:90/www/Esprit4All_Symfony/web/app_dev.php/single_product,1510704812,,200
3395cc,::1,GET,http://localhost:90/www/Esprit4All_Symfony/web/app_dev.php/images/map_marker.png,1510704815,f06343,200
f06343,::1,GET,http://localhost:90/www/Esprit4All_Symfony/web/app_dev.php/images/map_marker.png,1510704815,,404
f4cf27,::1,GET,http://localhost:90/www/Esprit4All_Symfony/web/app_dev.php/restauration,1510704824,,200
4f1636,::1,GET,http://localhost:90/www/Esprit4All_Symfony/web/app_dev.php/restauration,1510704827,,200
8fcc32,::1,GET,http://localhost:90/www/Esprit4All_Symfony/web/app_dev.php/images/map_marker.png,1510704827,14fdc1,200
14fdc1,::1,GET,http://localhost:90/www/Esprit4All_Symfony/web/app_dev.php/images/map_marker.png,1510704827,,404
29b0c1,::1,GET,http://localhost:90/www/Esprit4All_Symfony/web/app_dev.php/single_product,1510704835,,200
6f57e0,::1,GET,http://localhost:90/www/Esprit4All_Symfony/web/app_dev.php/images/map_marker.png,1510704836,9ad547,200
9ad547,::1,GET,http://localhost:90/www/Esprit4All_Symfony/web/app_dev.php/images/map_marker.png,1510704837,,404
e6d02b,::1,GET,http://localhost:90/www/Esprit4All_Symfony/web/app_dev.php/single_product,1510704849,,200
126f20,::1,GET,http://localhost:90/www/Esprit4All_Symfony/web/app_dev.php/images/map_marker.png,1510704852,6af864,200
6af864,::1,GET,http://localhost:90/www/Esprit4All_Symfony/web/app_dev.php/images/map_marker.png,1510704852,,404
c6c645,::1,GET,http://localhost:90/www/Esprit4All_Symfony/web/app_dev.php/restauration/single_product,1510704865,,200
914b73,::1,GET,http://localhost:90/www/Esprit4All_Symfony/web/app_dev.php/restauration/images/map_marker.png,1510704867,874aaa,200
874aaa,::1,GET,http://localhost:90/www/Esprit4All_Symfony/web/app_dev.php/restauration/images/map_marker.png,1510704867,,404
059f0b,::1,GET,http://localhost:90/www/Esprit4All_Symfony/web/app_dev.php/restaurent,1510704891,,200
bb3c33,::1,GET,http://localhost:90/www/Esprit4All_Symfony/web/app_dev.php/restaurent,1510704893,,200
cb8416,::1,GET,http://localhost:90/www/Esprit4All_Symfony/web/app_dev.php/images/map_marker.png,1510704894,5269f7,200
5269f7,::1,GET,http://localhost:90/www/Esprit4All_Symfony/web/app_dev.php/images/map_marker.png,1510704894,,404
070319,::1,GET,http://localhost:90/www/Esprit4All_Symfony/web/app_dev.php/restaurent/single_product,1510704904,,200
fa3ab6,::1,GET,http://localhost:90/www/Esprit4All_Symfony/web/app_dev.php/restaurent/images/map_marker.png,1510704906,caa048,200
caa048,::1,GET,http://localhost:90/www/Esprit4All_Symfony/web/app_dev.php/restaurent/images/map_marker.png,1510704906,,404
5b2343,::1,GET,http://localhost:90/www/Esprit4All_Symfony/web/app_dev.php/single_product,1510704911,acaff8,200
acaff8,::1,GET,http://localhost:90/www/Esprit4All_Symfony/web/app_dev.php/single_product,1510704911,,404
bdc711,::1,GET,http://localhost:90/www/Esprit4All_Symfony/web/app_dev.php/restaurent/images/map_marker.png,1510704916,7b0f49,200
7b0f49,::1,GET,http://localhost:90/www/Esprit4All_Symfony/web/app_dev.php/restaurent/images/map_marker.png,1510704916,,404
8122a9,::1,GET,http://localhost:90/www/Esprit4All_Symfony/web/app_dev.php/restaurent/single_product,1510705616,,200
befb90,::1,GET,http://localhost:90/www/Esprit4All_Symfony/web/app_dev.php/restaurent/images/map_marker.png,1510705619,7cf964,200
7cf964,::1,GET,http://localhost:90/www/Esprit4All_Symfony/web/app_dev.php/restaurent/images/map_marker.png,1510705619,,404
d05bdc,::1,GET,http://localhost:90/www/Esprit4All_Symfony/web/app_dev.php/restaurent/single_product,1510705741,,200
98a6c7,::1,GET,http://localhost:90/www/Esprit4All_Symfony/web/app_dev.php/restaurent/images/map_marker.png,1510705743,acb35e,200
acb35e,::1,GET,http://localhost:90/www/Esprit4All_Symfony/web/app_dev.php/restaurent/images/map_marker.png,1510705743,,404
0f196a,::1,GET,http://localhost:90/www/Esprit4All_Symfony/web/app_dev.php/restaurent,1510705766,,200
3bb062,::1,GET,http://localhost:90/www/Esprit4All_Symfony/web/app_dev.php/restaurent,1510705768,,200
f3aa71,::1,GET,http://localhost:90/www/Esprit4All_Symfony/web/app_dev.php/images/map_marker.png,1510705769,290316,200
290316,::1,GET,http://localhost:90/www/Esprit4All_Symfony/web/app_dev.php/images/map_marker.png,1510705769,,404
7848d0,::1,GET,http://localhost:90/www/Esprit4All_Symfony/web/app_dev.php/restaurent/single_product,1510706836,,200
733051,::1,GET,http://localhost:90/www/Esprit4All_Symfony/web/app_dev.php/restaurent/images/map_marker.png,1510706839,19be05,200
19be05,::1,GET,http://localhost:90/www/Esprit4All_Symfony/web/app_dev.php/restaurent/images/map_marker.png,1510706839,,404
7d03fe,::1,GET,http://localhost:90/www/Esprit4All_Symfony/web/app_dev.php/restaurent/shop_cart,1510708821,b33e1a,200
b33e1a,::1,GET,http://localhost:90/www/Esprit4All_Symfony/web/app_dev.php/restaurent/shop_cart,1510708821,,404
588a1c,::1,GET,http://localhost:90/www/Esprit4All_Symfony/web/app_dev.php/restaurent/shop_cart,1510708845,f994a1,200
f994a1,::1,GET,http://localhost:90/www/Esprit4All_Symfony/web/app_dev.php/restaurent/shop_cart,1510708845,,404
22bb9a,::1,GET,http://localhost:90/www/Esprit4All_Symfony/web/app_dev.php/restaurent/shop_cart,1510708868,817557,200
817557,::1,GET,http://localhost:90/www/Esprit4All_Symfony/web/app_dev.php/restaurent/shop_cart,1510708868,,500
b81261,::1,GET,http://localhost:90/www/Esprit4All_Symfony/web/app_dev.php/restaurent/shop_cart,1510708941,,200
0fde5c,::1,GET,http://localhost:90/www/Esprit4All_Symfony/web/app_dev.php/restaurent/images/map_marker.png,1510708943,3fd7f6,200
3fd7f6,::1,GET,http://localhost:90/www/Esprit4All_Symfony/web/app_dev.php/restaurent/images/map_marker.png,1510708943,,404
45a7fc,::1,GET,http://localhost:90/www/Esprit4All_Symfony/web/app_dev.php/restaurent/shop_cart,1510708988,,200
a5f8fc,::1,GET,http://localhost:90/www/Esprit4All_Symfony/web/app_dev.php/restaurent/images/map_marker.png,1510708990,88c2f8,200
88c2f8,::1,GET,http://localhost:90/www/Esprit4All_Symfony/web/app_dev.php/restaurent/images/map_marker.png,1510708990,,404
8afc02,::1,GET,http://localhost:90/www/Esprit4All_Symfony/web/app_dev.php/restaurent/shop_cart,1510709004,,200
d7504c,::1,GET,http://localhost:90/www/Esprit4All_Symfony/web/app_dev.php/restaurent/images/map_marker.png,1510709006,0bbac7,200
0bbac7,::1,GET,http://localhost:90/www/Esprit4All_Symfony/web/app_dev.php/restaurent/images/map_marker.png,1510709006,,404
f0c53f,::1,GET,http://localhost:90/www/Esprit4All_Symfony/web/app_dev.php/restaurent/images/map_marker.png,1510709019,4f95b6,200
4f95b6,::1,GET,http://localhost:90/www/Esprit4All_Symfony/web/app_dev.php/restaurent/images/map_marker.png,1510709019,,404
2da3a1,::1,GET,http://localhost:90/www/Esprit4All_Symfony/web/app_dev.php/restaurent/shop_cart,1510709196,,200
a09689,::1,GET,http://localhost:90/www/Esprit4All_Symfony/web/app_dev.php/restaurent/images/map_marker.png,1510709198,530497,200
530497,::1,GET,http://localhost:90/www/Esprit4All_Symfony/web/app_dev.php/restaurent/images/map_marker.png,1510709198,,404
bbeddf,::1,GET,http://localhost:90/www/Esprit4All_Symfony/web/app_dev.php/restaurent/shop_cart,1510709201,,200
fd95ca,::1,GET,http://localhost:90/www/Esprit4All_Symfony/web/app_dev.php/restaurent/images/map_marker.png,1510709202,7df4fc,200
7df4fc,::1,GET,http://localhost:90/www/Esprit4All_Symfony/web/app_dev.php/restaurent/images/map_marker.png,1510709202,,404
07860c,::1,GET,http://localhost:90/www/Esprit4All_Symfony/web/app_dev.php/restaurent/images/map_marker.png,1510709206,ee6551,200
ee6551,::1,GET,http://localhost:90/www/Esprit4All_Symfony/web/app_dev.php/restaurent/images/map_marker.png,1510709206,,404
9c3912,::1,GET,http://localhost:90/www/Esprit4All_Symfony/web/app_dev.php/restaurent/images/map_marker.png,1510709207,f67ebe,200
f67ebe,::1,GET,http://localhost:90/www/Esprit4All_Symfony/web/app_dev.php/restaurent/images/map_marker.png,1510709207,,404
51c7d3,::1,GET,http://localhost:90/www/Esprit4All_Symfony/web/app_dev.php/restaurent,1510709208,,200
fd7b49,::1,GET,http://localhost:90/www/Esprit4All_Symfony/web/app_dev.php/restaurent,1510709209,,200
2651e6,::1,GET,http://localhost:90/www/Esprit4All_Symfony/web/app_dev.php/restaurent/images/map_marker.png,1510709210,697afe,200
697afe,::1,GET,http://localhost:90/www/Esprit4All_Symfony/web/app_dev.php/restaurent/images/map_marker.png,1510709210,,404
bee868,::1,GET,http://localhost:90/www/Esprit4All_Symfony/web/app_dev.php/restauration/images/map_marker.png,1510709211,d43464,200
d43464,::1,GET,http://localhost:90/www/Esprit4All_Symfony/web/app_dev.php/restauration/images/map_marker.png,1510709211,,404
f5a502,::1,GET,http://localhost:90/www/Esprit4All_Symfony/web/app_dev.php/restauration/single_product,1510709216,231cd9,200
231cd9,::1,GET,http://localhost:90/www/Esprit4All_Symfony/web/app_dev.php/restauration/single_product,1510709216,,404
c8e595,::1,GET,http://localhost:90/www/Esprit4All_Symfony/web/app_dev.php/restauration,1510709231,58cb32,200
58cb32,::1,GET,http://localhost:90/www/Esprit4All_Symfony/web/app_dev.php/restauration,1510709231,,404
ba05eb,::1,GET,http://localhost:90/www/Esprit4All_Symfony/web/app_dev.php/ingle_product,1510709232,b28614,200
b28614,::1,GET,http://localhost:90/www/Esprit4All_Symfony/web/app_dev.php/ingle_product,1510709232,,404
e59871,::1,GET,http://localhost:90/www/Esprit4All_Symfony/web/app_dev.php/restaurent,1510709236,,200
aae615,::1,GET,http://localhost:90/www/Esprit4All_Symfony/web/app_dev.php/restaurent,1510709239,,200
d9b54a,::1,GET,http://localhost:90/www/Esprit4All_Symfony/web/app_dev.php/images/map_marker.png,1510709239,2d649c,200
2d649c,::1,GET,http://localhost:90/www/Esprit4All_Symfony/web/app_dev.php/images/map_marker.png,1510709239,,404
e6733f,::1,GET,http://localhost:90/www/Esprit4All_Symfony/web/app_dev.php/restaurent/shop_cart,1510709242,,200
f884a1,::1,GET,http://localhost:90/www/Esprit4All_Symfony/web/app_dev.php/restaurent/images/map_marker.png,1510709243,017918,200
017918,::1,GET,http://localhost:90/www/Esprit4All_Symfony/web/app_dev.php/restaurent/images/map_marker.png,1510709243,,404
6f1863,::1,GET,http://localhost:90/www/Esprit4All_Symfony/web/app_dev.php/restaurent,1510709250,,200
39bd3c,::1,GET,http://localhost:90/www/Esprit4All_Symfony/web/app_dev.php/single_product,1510709257,03f528,200
03f528,::1,GET,http://localhost:90/www/Esprit4All_Symfony/web/app_dev.php/single_product,1510709257,,404
5a487b,::1,GET,http://localhost:90/www/Esprit4All_Symfony/web/app_dev.php/restaurent/single_product,1510709271,,200
e12d88,::1,GET,http://localhost:90/www/Esprit4All_Symfony/web/app_dev.php/restaurent/images/map_marker.png,1510709273,b0aeae,200
b0aeae,::1,GET,http://localhost:90/www/Esprit4All_Symfony/web/app_dev.php/restaurent/images/map_marker.png,1510709273,,404
5bb1e6,::1,GET,http://localhost:90/www/Esprit4All_Symfony/web/app_dev.php/restaurent/menu,1510710669,d1cf44,200
d1cf44,::1,GET,http://localhost:90/www/Esprit4All_Symfony/web/app_dev.php/restaurent/menu,1510710669,,500
2fa61b,::1,GET,http://localhost:90/www/Esprit4All_Symfony/web/app_dev.php/restaurent/shop_cart,1510710741,,200
f8b1fc,::1,GET,http://localhost:90/www/Esprit4All_Symfony/web/app_dev.php/restaurent/images/map_marker.png,1510710744,890a4f,200
890a4f,::1,GET,http://localhost:90/www/Esprit4All_Symfony/web/app_dev.php/restaurent/images/map_marker.png,1510710744,,404
1e910b,::1,GET,http://localhost:90/www/Esprit4All_Symfony/web/app_dev.php/restaurent/shop_cart,1510710802,,200
dbc5b7,::1,GET,http://localhost:90/www/Esprit4All_Symfony/web/app_dev.php/restaurent/images/map_marker.png,1510710804,9ac15f,200
9ac15f,::1,GET,http://localhost:90/www/Esprit4All_Symfony/web/app_dev.php/restaurent/images/map_marker.png,1510710804,,404
eb0a59,::1,GET,http://localhost:90/www/Esprit4All_Symfony/web/app_dev.php/restaurent/menu,1510710809,,200
6e3698,::1,GET,http://localhost:90/www/Esprit4All_Symfony/web/app_dev.php/restaurent/images/map_marker.png,1510710810,050e78,200
050e78,::1,GET,http://localhost:90/www/Esprit4All_Symfony/web/app_dev.php/restaurent/images/map_marker.png,1510710810,,404
98e3fd,::1,GET,http://localhost:90/www/Esprit4All_Symfony/web/app_dev.php/restaurent/menu,1510710885,,200
642f49,::1,GET,http://localhost:90/www/Esprit4All_Symfony/web/app_dev.php/restaurent/images/map_marker.png,1510710887,6c2da6,200
6c2da6,::1,GET,http://localhost:90/www/Esprit4All_Symfony/web/app_dev.php/restaurent/images/map_marker.png,1510710887,,404
5de17c,::1,GET,http://localhost:90/www/Esprit4All_Symfony/web/app_dev.php/restaurent/menu,1510710930,,200
9d0ef0,::1,GET,http://localhost:90/www/Esprit4All_Symfony/web/app_dev.php/restaurent/images/map_marker.png,1510710934,772035,200
772035,::1,GET,http://localhost:90/www/Esprit4All_Symfony/web/app_dev.php/restaurent/images/map_marker.png,1510710934,,404
597363,::1,GET,http://localhost:90/www/Esprit4All_Symfony/web/app_dev.php/restaurent/menu,1510711408,,200
cb2cf0,::1,GET,http://localhost:90/www/Esprit4All_Symfony/web/app_dev.php/restaurent/images/map_marker.png,1510711410,be034a,200
be034a,::1,GET,http://localhost:90/www/Esprit4All_Symfony/web/app_dev.php/restaurent/images/map_marker.png,1510711410,,404
85d022,::1,GET,http://localhost:90/www/Esprit4All_Symfony/web/app_dev.php/restaurent/menu/sub_menu,1510711420,,200
69843b,::1,GET,http://localhost:90/www/Esprit4All_Symfony/web/app_dev.php/restaurent/menu/images/map_marker.png,1510711422,c91c5c,200
c91c5c,::1,GET,http://localhost:90/www/Esprit4All_Symfony/web/app_dev.php/restaurent/menu/images/map_marker.png,1510711423,,404
7a268f,::1,GET,http://localhost:90/www/Esprit4All_Symfony/web/app_dev.php/restaurent/images/map_marker.png,1510711469,bf4dbb,200
bf4dbb,::1,GET,http://localhost:90/www/Esprit4All_Symfony/web/app_dev.php/restaurent/images/map_marker.png,1510711469,,404
9a01c3,::1,GET,http://localhost:90/www/Esprit4All_Symfony/web/app_dev.php/restaurent/menu,1510711612,,200
e02705,::1,GET,http://localhost:90/www/Esprit4All_Symfony/web/app_dev.php/restaurent/images/map_marker.png,1510711614,059993,200
059993,::1,GET,http://localhost:90/www/Esprit4All_Symfony/web/app_dev.php/restaurent/images/map_marker.png,1510711615,,404
92d41e,::1,GET,http://localhost:90/www/Esprit4All_Symfony/web/app_dev.php/restaurent/menu,1510711806,,200
78ae1a,::1,GET,http://localhost:90/www/Esprit4All_Symfony/web/app_dev.php/restaurent/images/map_marker.png,1510711808,79512a,200
79512a,::1,GET,http://localhost:90/www/Esprit4All_Symfony/web/app_dev.php/restaurent/images/map_marker.png,1510711808,,404
5994e8,::1,GET,http://localhost:90/www/Esprit4All_Symfony/web/app_dev.php/restaurent/menu,1510711903,,200
2bf5e9,::1,GET,http://localhost:90/www/Esprit4All_Symfony/web/app_dev.php/restaurent/images/map_marker.png,1510711905,b3f4f0,200
b3f4f0,::1,GET,http://localhost:90/www/Esprit4All_Symfony/web/app_dev.php/restaurent/images/map_marker.png,1510711905,,404
badeca,::1,GET,http://localhost:90/www/Esprit4All_Symfony/web/app_dev.php/restaurent/menu,1510711956,,200
bf8ad3,::1,GET,http://localhost:90/www/Esprit4All_Symfony/web/app_dev.php/restaurent/images/map_marker.png,1510711959,4d73c5,200
4d73c5,::1,GET,http://localhost:90/www/Esprit4All_Symfony/web/app_dev.php/restaurent/images/map_marker.png,1510711959,,404
a16f30,::1,GET,http://localhost:90/www/Esprit4All_Symfony/web/app_dev.php/restaurent/menu,1510711990,,200
eff456,::1,GET,http://localhost:90/www/Esprit4All_Symfony/web/app_dev.php/restaurent/images/map_marker.png,1510711993,05cb35,200
05cb35,::1,GET,http://localhost:90/www/Esprit4All_Symfony/web/app_dev.php/restaurent/images/map_marker.png,1510711993,,404
056888,::1,GET,http://localhost:90/www/Esprit4All_Symfony/web/app_dev.php/restaurent/menu,1510712009,,200
b06601,::1,GET,http://localhost:90/www/Esprit4All_Symfony/web/app_dev.php/restaurent/images/map_marker.png,1510712011,b305a2,200
b305a2,::1,GET,http://localhost:90/www/Esprit4All_Symfony/web/app_dev.php/restaurent/images/map_marker.png,1510712011,,404
1308cc,::1,GET,http://localhost:90/www/Esprit4All_Symfony/web/app_dev.php/restaurent/menu,1510712031,,200
c444de,::1,GET,http://localhost:90/www/Esprit4All_Symfony/web/app_dev.php/restaurent/images/map_marker.png,1510712033,8555bd,200
8555bd,::1,GET,http://localhost:90/www/Esprit4All_Symfony/web/app_dev.php/restaurent/images/map_marker.png,1510712033,,404
4352d9,::1,GET,http://localhost:90/www/Esprit4All_Symfony/web/app_dev.php/restaurent/images/map_marker.png,1510712039,30b81a,200
30b81a,::1,GET,http://localhost:90/www/Esprit4All_Symfony/web/app_dev.php/restaurent/images/map_marker.png,1510712039,,404
a781f4,::1,GET,http://localhost:90/www/Esprit4All_Symfony/web/app_dev.php/restaurent/images/map_marker.png,1510712043,ce3456,200
ce3456,::1,GET,http://localhost:90/www/Esprit4All_Symfony/web/app_dev.php/restaurent/images/map_marker.png,1510712043,,404
69a39c,::1,GET,http://localhost:90/www/Esprit4All_Symfony/web/app_dev.php/restaurent/menu,1510712087,,200
16cbe4,::1,GET,http://localhost:90/www/Esprit4All_Symfony/web/app_dev.php/restaurent/images/map_marker.png,1510712090,597fd7,200
597fd7,::1,GET,http://localhost:90/www/Esprit4All_Symfony/web/app_dev.php/restaurent/images/map_marker.png,1510712090,,404
80ba0d,::1,GET,http://localhost:90/www/Esprit4All_Symfony/web/app_dev.php/restaurent/menu,1510712114,,200
68be0c,::1,GET,http://localhost:90/www/Esprit4All_Symfony/web/app_dev.php/restaurent/images/map_marker.png,1510712117,219684,200
219684,::1,GET,http://localhost:90/www/Esprit4All_Symfony/web/app_dev.php/restaurent/images/map_marker.png,1510712117,,404
0df312,::1,GET,http://localhost:90/www/Esprit4All_Symfony/web/app_dev.php/restaurent/menu,1510712161,,200
20963a,::1,GET,http://localhost:90/www/Esprit4All_Symfony/web/app_dev.php/restaurent/images/map_marker.png,1510712164,303304,200
303304,::1,GET,http://localhost:90/www/Esprit4All_Symfony/web/app_dev.php/restaurent/images/map_marker.png,1510712164,,404
7e0736,::1,GET,http://localhost:90/www/Esprit4All_Symfony/web/app_dev.php/restaurent/menu,1510712196,,200
2e0840,::1,GET,http://localhost:90/www/Esprit4All_Symfony/web/app_dev.php/restaurent/images/map_marker.png,1510712199,25eba8,200
25eba8,::1,GET,http://localhost:90/www/Esprit4All_Symfony/web/app_dev.php/restaurent/images/map_marker.png,1510712199,,404
1f45ff,::1,GET,http://localhost:90/www/Esprit4All_Symfony/web/app_dev.php/restaurent/menu,1510712223,,200
691767,::1,GET,http://localhost:90/www/Esprit4All_Symfony/web/app_dev.php/restaurent/images/map_marker.png,1510712225,5080a1,200
5080a1,::1,GET,http://localhost:90/www/Esprit4All_Symfony/web/app_dev.php/restaurent/images/map_marker.png,1510712225,,404
781588,::1,GET,http://localhost:90/www/Esprit4All_Symfony/web/app_dev.php/restaurent/menu,1510712262,,200
0df6fa,::1,GET,http://localhost:90/www/Esprit4All_Symfony/web/app_dev.php/restaurent/images/map_marker.png,1510712265,08e2e3,200
08e2e3,::1,GET,http://localhost:90/www/Esprit4All_Symfony/web/app_dev.php/restaurent/images/map_marker.png,1510712265,,404
a8ef14,::1,GET,http://localhost:90/www/Esprit4All_Symfony/web/app_dev.php/restaurent/menu,1510715258,,200
16c4de,::1,GET,http://localhost:90/www/Esprit4All_Symfony/web/app_dev.php/restaurent/images/map_marker.png,1510715260,5b2c41,200
5b2c41,::1,GET,http://localhost:90/www/Esprit4All_Symfony/web/app_dev.php/restaurent/images/map_marker.png,1510715260,,404
5123ca,::1,GET,http://localhost:90/www/Esprit4All_Symfony/web/app_dev.php/restaurent/menu/sub_menu,1510715285,,200
3e62e7,::1,GET,http://localhost:90/www/Esprit4All_Symfony/web/app_dev.php/restaurent/menu/images/map_marker.png,1510715288,4a4ce7,200
4a4ce7,::1,GET,http://localhost:90/www/Esprit4All_Symfony/web/app_dev.php/restaurent/menu/images/map_marker.png,1510715288,,404
b7027e,::1,GET,http://localhost:90/www/Esprit4All_Symfony/web/app_dev.php/restaurent/images/map_marker.png,1510715300,60fd49,200
60fd49,::1,GET,http://localhost:90/www/Esprit4All_Symfony/web/app_dev.php/restaurent/images/map_marker.png,1510715300,,404
03acd2,::1,GET,http://localhost:90/www/Esprit4All_Symfony/web/app_dev.php/restaurent/menu/sub_menu,1510715302,,200
30270f,::1,GET,http://localhost:90/www/Esprit4All_Symfony/web/app_dev.php/restaurent/menu/images/map_marker.png,1510715304,c88628,200
c88628,::1,GET,http://localhost:90/www/Esprit4All_Symfony/web/app_dev.php/restaurent/menu/images/map_marker.png,1510715305,,404
8cd8b3,::1,GET,http://localhost:90/www/Esprit4All_Symfony/web/app_dev.php/restaurent/shop_cart,1510715318,,200
dfee9c,::1,GET,http://localhost:90/www/Esprit4All_Symfony/web/app_dev.php/restaurent/images/map_marker.png,1510715320,687227,200
687227,::1,GET,http://localhost:90/www/Esprit4All_Symfony/web/app_dev.php/restaurent/images/map_marker.png,1510715320,,404
5a2dc3,::1,GET,http://localhost:90/www/Esprit4All_Symfony/web/app_dev.php/restaurent/images/map_marker.png,1510715331,f5f784,200
f5f784,::1,GET,http://localhost:90/www/Esprit4All_Symfony/web/app_dev.php/restaurent/images/map_marker.png,1510715331,,404
69ed24,::1,GET,http://localhost:90/www/Esprit4All_Symfony/web/app_dev.php/restaurent/menu,1510715970,,200
d0d3dd,::1,GET,http://localhost:90/www/Esprit4All_Symfony/web/app_dev.php/restaurent/images/map_marker.png,1510715973,8a68ca,200
8a68ca,::1,GET,http://localhost:90/www/Esprit4All_Symfony/web/app_dev.php/restaurent/images/map_marker.png,1510715973,,404
3441a4,::1,GET,http://localhost:90/www/Esprit4All_Symfony/web/app_dev.php/restaurent/menu,1510716034,,200
ee3028,::1,GET,http://localhost:90/www/Esprit4All_Symfony/web/app_dev.php/restaurent/images/map_marker.png,1510716036,726342,200
726342,::1,GET,http://localhost:90/www/Esprit4All_Symfony/web/app_dev.php/restaurent/images/map_marker.png,1510716036,,404
b0d142,::1,GET,http://localhost:90/www/Esprit4All_Symfony/web/app_dev.php/restaurent/menu,1510716066,,200
05b8fe,::1,GET,http://localhost:90/www/Esprit4All_Symfony/web/app_dev.php/restaurent/images/map_marker.png,1510716068,4b7a2a,200
4b7a2a,::1,GET,http://localhost:90/www/Esprit4All_Symfony/web/app_dev.php/restaurent/images/map_marker.png,1510716068,,404
74be41,::1,GET,http://localhost:90/www/Esprit4All_Symfony/web/app_dev.php/restaurent/menu,1510716079,,200
4c37c2,::1,GET,http://localhost:90/www/Esprit4All_Symfony/web/app_dev.php/restaurent/images/map_marker.png,1510716081,38b7c7,200
38b7c7,::1,GET,http://localhost:90/www/Esprit4All_Symfony/web/app_dev.php/restaurent/images/map_marker.png,1510716081,,404
55b990,::1,GET,http://localhost:90/www/Esprit4All_Symfony/web/app_dev.php/restaurent/menu,1510716158,,200
994929,::1,GET,http://localhost:90/www/Esprit4All_Symfony/web/app_dev.php/restaurent/images/map_marker.png,1510716160,58b6d8,200
58b6d8,::1,GET,http://localhost:90/www/Esprit4All_Symfony/web/app_dev.php/restaurent/images/map_marker.png,1510716160,,404
5e5cce,::1,GET,http://localhost:90/www/Esprit4All_Symfony/web/app_dev.php/restaurent/menu,1510716178,,200
c64c05,::1,GET,http://localhost:90/www/Esprit4All_Symfony/web/app_dev.php/restaurent/images/map_marker.png,1510716180,5d85b7,200
5d85b7,::1,GET,http://localhost:90/www/Esprit4All_Symfony/web/app_dev.php/restaurent/images/map_marker.png,1510716180,,404
3207a9,::1,GET,http://localhost:90/www/Esprit4All_Symfony/web/app_dev.php/restaurent/menu,1510716189,,200
fe809f,::1,GET,http://localhost:90/www/Esprit4All_Symfony/web/app_dev.php/restaurent/images/map_marker.png,1510716191,de3f5f,200
de3f5f,::1,GET,http://localhost:90/www/Esprit4All_Symfony/web/app_dev.php/restaurent/images/map_marker.png,1510716191,,404
4e8d3d,::1,GET,http://localhost:90/www/Esprit4All_Symfony/web/app_dev.php/restaurent/menu,1510716196,,200
6a9d7d,::1,GET,http://localhost:90/www/Esprit4All_Symfony/web/app_dev.php/restaurent/images/map_marker.png,1510716198,3fe622,200
3fe622,::1,GET,http://localhost:90/www/Esprit4All_Symfony/web/app_dev.php/restaurent/images/map_marker.png,1510716198,,404
1255a6,::1,GET,http://localhost:90/www/Esprit4All_Symfony/web/app_dev.php/restaurent/menu,1510716210,,200
357af2,::1,GET,http://localhost:90/www/Esprit4All_Symfony/web/app_dev.php/restaurent/images/map_marker.png,1510716212,38d107,200
38d107,::1,GET,http://localhost:90/www/Esprit4All_Symfony/web/app_dev.php/restaurent/images/map_marker.png,1510716212,,404
e54daa,::1,GET,http://localhost:90/www/Esprit4All_Symfony/web/app_dev.php/restaurent/menu,1510716391,,200
8ddc0c,::1,GET,http://localhost:90/www/Esprit4All_Symfony/web/app_dev.php/restaurent/src=,1510716393,723196,200
723196,::1,GET,http://localhost:90/www/Esprit4All_Symfony/web/app_dev.php/restaurent/src=,1510716393,,404
6e9241,::1,GET,http://localhost:90/www/Esprit4All_Symfony/web/app_dev.php/restaurent/images/hover-img1.png,1510716394,42fee0,200
42fee0,::1,GET,http://localhost:90/www/Esprit4All_Symfony/web/app_dev.php/restaurent/images/hover-img1.png,1510716394,,404
f64a57,::1,GET,http://localhost:90/www/Esprit4All_Symfony/web/app_dev.php/restaurent/images/map_marker.png,1510716394,c75b96,200
c75b96,::1,GET,http://localhost:90/www/Esprit4All_Symfony/web/app_dev.php/restaurent/images/map_marker.png,1510716394,,404
2bdd94,::1,GET,http://localhost:90/www/Esprit4All_Symfony/web/app_dev.php/restaurent/menu,1510716576,,200
a1187a,::1,GET,http://localhost:90/www/Esprit4All_Symfony/web/app_dev.php/restaurent/images/map_marker.png,1510716578,d289ac,200
d289ac,::1,GET,http://localhost:90/www/Esprit4All_Symfony/web/app_dev.php/restaurent/images/map_marker.png,1510716578,,404
cca0ca,::1,GET,http://localhost:90/www/Esprit4All_Symfony/web/app_dev.php/restaurent/menu,1510716861,,200
570578,::1,GET,http://localhost:90/www/Esprit4All_Symfony/web/app_dev.php/restaurent/images/map_marker.png,1510716863,a10fb0,200
a10fb0,::1,GET,http://localhost:90/www/Esprit4All_Symfony/web/app_dev.php/restaurent/images/map_marker.png,1510716863,,404
0cfe0f,::1,GET,http://localhost:90/www/Esprit4All_Symfony/web/app_dev.php/restaurent/menu/sub_menu,1510716865,,200
b82b6c,::1,GET,http://localhost:90/www/Esprit4All_Symfony/web/app_dev.php/restaurent/menu/images/map_marker.png,1510716867,5c9cb8,200
5c9cb8,::1,GET,http://localhost:90/www/Esprit4All_Symfony/web/app_dev.php/restaurent/menu/images/map_marker.png,1510716867,,404
cf5a49,::1,GET,http://localhost:90/www/Esprit4All_Symfony/web/app_dev.php/restaurent/images/map_marker.png,1510716873,1b57f4,200
1b57f4,::1,GET,http://localhost:90/www/Esprit4All_Symfony/web/app_dev.php/restaurent/images/map_marker.png,1510716873,,404
949ceb,::1,GET,http://localhost:90/www/Esprit4All_Symfony/web/app_dev.php/restaurent/menu,1510716949,,200
54298a,::1,GET,http://localhost:90/www/Esprit4All_Symfony/web/app_dev.php/restaurent/images/map_marker.png,1510716951,b1ca32,200
b1ca32,::1,GET,http://localhost:90/www/Esprit4All_Symfony/web/app_dev.php/restaurent/images/map_marker.png,1510716951,,404
7d1d8b,::1,GET,http://localhost:90/www/Esprit4All_Symfony/web/app_dev.php/restaurent/menu/sub_menu,1510716954,,200
85f76c,::1,GET,http://localhost:90/www/Esprit4All_Symfony/web/app_dev.php/restaurent/menu/images/map_marker.png,1510716956,bd9658,200
bd9658,::1,GET,http://localhost:90/www/Esprit4All_Symfony/web/app_dev.php/restaurent/menu/images/map_marker.png,1510716956,,404
287cee,::1,GET,http://localhost:90/www/Esprit4All_Symfony/web/app_dev.php/restaurent/images/map_marker.png,1510716959,0e1db9,200
0e1db9,::1,GET,http://localhost:90/www/Esprit4All_Symfony/web/app_dev.php/restaurent/images/map_marker.png,1510716959,,404
e24762,::1,GET,http://localhost:90/www/Esprit4All_Symfony/web/app_dev.php/restaurent/menu/sub_menu,1510716960,,200
5a99d0,::1,GET,http://localhost:90/www/Esprit4All_Symfony/web/app_dev.php/restaurent/menu/images/map_marker.png,1510716962,e93592,200
e93592,::1,GET,http://localhost:90/www/Esprit4All_Symfony/web/app_dev.php/restaurent/menu/images/map_marker.png,1510716962,,404
146965,::1,GET,http://localhost:90/www/Esprit4All_Symfony/web/app_dev.php/restaurent/images/map_marker.png,1510716964,7bb6b6,200
7bb6b6,::1,GET,http://localhost:90/www/Esprit4All_Symfony/web/app_dev.php/restaurent/images/map_marker.png,1510716964,,404
017530,::1,GET,http://localhost:90/www/Esprit4All_Symfony/web/app_dev.php/restaurent/menu/sub_menu,1510716965,,200
9bee9c,::1,GET,http://localhost:90/www/Esprit4All_Symfony/web/app_dev.php/restaurent/menu/images/map_marker.png,1510716967,b88ede,200
b88ede,::1,GET,http://localhost:90/www/Esprit4All_Symfony/web/app_dev.php/restaurent/menu/images/map_marker.png,1510716967,,404
74ec26,::1,GET,http://localhost:90/www/Esprit4All_Symfony/web/app_dev.php/restaurent/images/map_marker.png,1510716968,bf645c,200
bf645c,::1,GET,http://localhost:90/www/Esprit4All_Symfony/web/app_dev.php/restaurent/images/map_marker.png,1510716968,,404
f9ed7e,::1,GET,http://localhost:90/www/Esprit4All_Symfony/web/app_dev.php/restaurent/menu/sub_menu,1510716969,,200
72b0b7,::1,GET,http://localhost:90/www/Esprit4All_Symfony/web/app_dev.php/restaurent/menu/images/map_marker.png,1510716971,b375cc,200
b375cc,::1,GET,http://localhost:90/www/Esprit4All_Symfony/web/app_dev.php/restaurent/menu/images/map_marker.png,1510716971,,404
1b6d3b,::1,GET,http://localhost:90/www/Esprit4All_Symfony/web/app_dev.php/restaurent/images/map_marker.png,1510716973,63d824,200
63d824,::1,GET,http://localhost:90/www/Esprit4All_Symfony/web/app_dev.php/restaurent/images/map_marker.png,1510716973,,404
6a2a5f,::1,GET,http://localhost:90/www/Esprit4All_Symfony/web/app_dev.php/restaurent/menu/sub_menu,1510716974,,200
2f93f3,::1,GET,http://localhost:90/www/Esprit4All_Symfony/web/app_dev.php/restaurent/menu/images/map_marker.png,1510716976,8d0dfd,200
8d0dfd,::1,GET,http://localhost:90/www/Esprit4All_Symfony/web/app_dev.php/restaurent/menu/images/map_marker.png,1510716976,,404
85b470,::1,GET,http://localhost:90/www/Esprit4All_Symfony/web/app_dev.php/restaurent/images/map_marker.png,1510716978,91448f,200
91448f,::1,GET,http://localhost:90/www/Esprit4All_Symfony/web/app_dev.php/restaurent/images/map_marker.png,1510716978,,404
8926b4,::1,GET,http://localhost:90/www/Esprit4All_Symfony/web/app_dev.php/restaurent/menu/sub_menu,1510716979,,200
8cf254,::1,GET,http://localhost:90/www/Esprit4All_Symfony/web/app_dev.php/restaurent/menu/images/map_marker.png,1510716981,8151a1,200
8151a1,::1,GET,http://localhost:90/www/Esprit4All_Symfony/web/app_dev.php/restaurent/menu/images/map_marker.png,1510716981,,404
26a57b,::1,GET,http://localhost:90/www/Esprit4All_Symfony/web/app_dev.php/restaurent/menu/sub_menu,1510717487,,200
50b118,::1,GET,http://localhost:90/www/Esprit4All_Symfony/web/app_dev.php/restaurent/menu/images/map_marker.png,1510717489,c0c30a,200
c0c30a,::1,GET,http://localhost:90/www/Esprit4All_Symfony/web/app_dev.php/restaurent/menu/images/map_marker.png,1510717490,,404
4dcaf5,::1,GET,http://localhost:90/www/Esprit4All_Symfony/web/app_dev.php/restaurent/menu/sub_menu,1510717554,,200
ffa98f,::1,GET,http://localhost:90/www/Esprit4All_Symfony/web/app_dev.php/restaurent/menu/images/map_marker.png,1510717557,f8771d,200
f8771d,::1,GET,http://localhost:90/www/Esprit4All_Symfony/web/app_dev.php/restaurent/menu/images/map_marker.png,1510717557,,404
9d47fb,::1,GET,http://localhost:90/www/Esprit4All_Symfony/web/app_dev.php/restaurent/menu/sub_menu,1510717620,,200
d771ee,::1,GET,http://localhost:90/www/Esprit4All_Symfony/web/app_dev.php/restaurent/menu/images/map_marker.png,1510717622,7cfae7,200
7cfae7,::1,GET,http://localhost:90/www/Esprit4All_Symfony/web/app_dev.php/restaurent/menu/images/map_marker.png,1510717622,,404
7f8671,::1,GET,http://localhost:90/www/Esprit4All_Symfony/web/app_dev.php/restaurent/menu/sub_menu,1510717949,,200
04ea9e,::1,GET,http://localhost:90/www/Esprit4All_Symfony/web/app_dev.php/restaurent/menu/images/map_marker.png,1510717950,325a2c,200
325a2c,::1,GET,http://localhost:90/www/Esprit4All_Symfony/web/app_dev.php/restaurent/menu/images/map_marker.png,1510717950,,404
a9d8a9,::1,GET,http://localhost:90/www/Esprit4All_Symfony/web/app_dev.php/restaurent/menu/sub_menu,1510717970,,200
445e9a,::1,GET,http://localhost:90/www/Esprit4All_Symfony/web/app_dev.php/restaurent/menu/images/map_marker.png,1510717972,72f377,200
72f377,::1,GET,http://localhost:90/www/Esprit4All_Symfony/web/app_dev.php/restaurent/menu/images/map_marker.png,1510717972,,404
1a6d88,::1,GET,http://localhost:90/www/Esprit4All_Symfony/web/app_dev.php/restaurent/menu/sub_menu,1510717996,,200
f98695,::1,GET,http://localhost:90/www/Esprit4All_Symfony/web/app_dev.php/restaurent/menu/images/map_marker.png,1510717998,342e72,200
342e72,::1,GET,http://localhost:90/www/Esprit4All_Symfony/web/app_dev.php/restaurent/menu/images/map_marker.png,1510717998,,404
97340a,::1,GET,http://localhost:90/www/Esprit4All_Symfony/web/app_dev.php/restaurent/menu/sub_menu,1510718027,,200
890a98,::1,GET,http://localhost:90/www/Esprit4All_Symfony/web/app_dev.php/restaurent/menu/images/map_marker.png,1510718028,9cfc85,200
9cfc85,::1,GET,http://localhost:90/www/Esprit4All_Symfony/web/app_dev.php/restaurent/menu/images/map_marker.png,1510718028,,404
97d5ce,::1,GET,http://localhost:90/www/Esprit4All_Symfony/web/app_dev.php/restaurent/menu/sub_menu,1510718135,,200
447f1e,::1,GET,http://localhost:90/www/Esprit4All_Symfony/web/app_dev.php/restaurent/menu/images/map_marker.png,1510718137,3a034c,200
3a034c,::1,GET,http://localhost:90/www/Esprit4All_Symfony/web/app_dev.php/restaurent/menu/images/map_marker.png,1510718137,,404
31aa87,::1,GET,http://localhost:90/www/Esprit4All_Symfony/web/app_dev.php/restaurent,1510718140,,200
ca885a,::1,GET,http://localhost:90/www/Esprit4All_Symfony/web/app_dev.php/restaurent,1510718142,,200
13e790,::1,GET,http://localhost:90/www/Esprit4All_Symfony/web/app_dev.php/images/map_marker.png,1510718142,dc0f44,200
dc0f44,::1,GET,http://localhost:90/www/Esprit4All_Symfony/web/app_dev.php/images/map_marker.png,1510718142,,404
e21377,::1,GET,http://localhost:90/www/Esprit4All_Symfony/web/app_dev.php/restaurent,1510718235,,200
f782bb,::1,GET,http://localhost:90/www/Esprit4All_Symfony/web/app_dev.php/restaurent,1510718237,,200
9b562d,::1,GET,http://localhost:90/www/Esprit4All_Symfony/web/app_dev.php/images/map_marker.png,1510718237,46c59c,200
46c59c,::1,GET,http://localhost:90/www/Esprit4All_Symfony/web/app_dev.php/images/map_marker.png,1510718237,,404
2f1296,::1,GET,http://localhost:90/www/Esprit4All_Symfony/web/app_dev.php/restaurent/menu,1510718241,,200
15be1d,::1,GET,http://localhost:90/www/Esprit4All_Symfony/web/app_dev.php/restaurent/images/map_marker.png,1510718242,521ae3,200
521ae3,::1,GET,http://localhost:90/www/Esprit4All_Symfony/web/app_dev.php/restaurent/images/map_marker.png,1510718242,,404
ef417a,::1,GET,http://localhost:90/www/Esprit4All_Symfony/web/app_dev.php/restaurent/menu/sub_menu,1510718249,,200
5616ac,::1,GET,http://localhost:90/www/Esprit4All_Symfony/web/app_dev.php/restaurent/menu/images/map_marker.png,1510718251,cf9a40,200
cf9a40,::1,GET,http://localhost:90/www/Esprit4All_Symfony/web/app_dev.php/restaurent/menu/images/map_marker.png,1510718251,,404
98aafe,::1,GET,http://localhost:90/www/Esprit4All_Symfony/web/app_dev.php/restaurent,1510718262,,200
1660d5,::1,GET,http://localhost:90/www/Esprit4All_Symfony/web/app_dev.php/restaurent,1510718264,,200
15aa1e,::1,GET,http://localhost:90/www/Esprit4All_Symfony/web/app_dev.php/images/map_marker.png,1510718264,3c9282,200
3c9282,::1,GET,http://localhost:90/www/Esprit4All_Symfony/web/app_dev.php/images/map_marker.png,1510718264,,404
06da21,::1,GET,http://localhost:90/www/Esprit4All_Symfony/web/app_dev.php/restaurent,1510718511,,200
3d4287,::1,GET,http://localhost:90/www/Esprit4All_Symfony/web/app_dev.php/restaurent,1510718514,,200
0e4208,::1,GET,http://localhost:90/www/Esprit4All_Symfony/web/app_dev.php/images/map_marker.png,1510718515,8f68e3,200
8f68e3,::1,GET,http://localhost:90/www/Esprit4All_Symfony/web/app_dev.php/images/map_marker.png,1510718515,,404
948a05,::1,GET,http://localhost:90/www/Esprit4All_Symfony/web/app_dev.php/restaurent/menu,1510718523,,200
dcac5b,::1,GET,http://localhost:90/www/Esprit4All_Symfony/web/app_dev.php/restaurent/menu,1510718528,,200
2fd261,::1,GET,http://localhost:90/www/Esprit4All_Symfony/web/app_dev.php/restaurent/menu/images/map_marker.png,1510718535,5112b9,200
5112b9,::1,GET,http://localhost:90/www/Esprit4All_Symfony/web/app_dev.php/restaurent/menu/images/map_marker.png,1510718535,,404
92a136,::1,GET,http://localhost:90/www/Esprit4All_Symfony/web/app_dev.php/restaurent,1510718538,,200
a54e31,::1,GET,http://localhost:90/www/Esprit4All_Symfony/web/app_dev.php/restaurent,1510718541,,200
ecee58,::1,GET,http://localhost:90/www/Esprit4All_Symfony/web/app_dev.php/images/map_marker.png,1510718541,bf28af,200
bf28af,::1,GET,http://localhost:90/www/Esprit4All_Symfony/web/app_dev.php/images/map_marker.png,1510718541,,404
c47702,::1,GET,http://localhost:90/www/Esprit4All_Symfony/web/app_dev.php/restaurent,1510718587,,200
b2367e,::1,GET,http://localhost:90/www/Esprit4All_Symfony/web/app_dev.php/restaurent,1510718590,,200
4edba5,::1,GET,http://localhost:90/www/Esprit4All_Symfony/web/app_dev.php/images/map_marker.png,1510718590,7038ed,200
7038ed,::1,GET,http://localhost:90/www/Esprit4All_Symfony/web/app_dev.php/images/map_marker.png,1510718590,,404
6b5358,::1,GET,http://localhost:90/www/Esprit4All_Symfony/web/app_dev.php/restaurent/menu,1510718595,,200
b898ed,::1,GET,http://localhost:90/www/Esprit4All_Symfony/web/app_dev.php/restaurent/images/map_marker.png,1510718597,d3c305,200
d3c305,::1,GET,http://localhost:90/www/Esprit4All_Symfony/web/app_dev.php/restaurent/images/map_marker.png,1510718597,,404
dd4fa1,::1,GET,http://localhost:90/www/Esprit4All_Symfony/web/app_dev.php/restaurent,1510718599,,200
1c54de,::1,GET,http://localhost:90/www/Esprit4All_Symfony/web/app_dev.php/restaurent,1510718602,,200
177f3a,::1,GET,http://localhost:90/www/Esprit4All_Symfony/web/app_dev.php/images/map_marker.png,1510718602,5f500e,200
5f500e,::1,GET,http://localhost:90/www/Esprit4All_Symfony/web/app_dev.php/images/map_marker.png,1510718602,,404
0c90a5,::1,GET,http://localhost:90/www/Esprit4All_Symfony/web/app_dev.php/restaurent,1510718617,,200
5820bf,::1,GET,http://localhost:90/www/Esprit4All_Symfony/web/app_dev.php/restaurent,1510718620,,200
bdc5bd,::1,GET,http://localhost:90/www/Esprit4All_Symfony/web/app_dev.php/images/map_marker.png,1510718621,b61830,200
b61830,::1,GET,http://localhost:90/www/Esprit4All_Symfony/web/app_dev.php/images/map_marker.png,1510718621,,404
e0d167,::1,GET,http://localhost:90/www/Esprit4All_Symfony/web/app_dev.php/restaurent,1510718841,,200
3e0770,::1,GET,http://localhost:90/www/Esprit4All_Symfony/web/app_dev.php/restaurent,1510718844,,200
fbc548,::1,GET,http://localhost:90/www/Esprit4All_Symfony/web/app_dev.php/images/map_marker.png,1510718844,b96070,200
b96070,::1,GET,http://localhost:90/www/Esprit4All_Symfony/web/app_dev.php/images/map_marker.png,1510718844,,404
15006b,::1,GET,http://localhost:90/www/Esprit4All_Symfony/web/app_dev.php/restaurent,1510718887,,200
37f0e2,::1,GET,http://localhost:90/www/Esprit4All_Symfony/web/app_dev.php/restaurent,1510718890,,200
4e1a80,::1,GET,http://localhost:90/www/Esprit4All_Symfony/web/app_dev.php/images/map_marker.png,1510718890,068348,200
068348,::1,GET,http://localhost:90/www/Esprit4All_Symfony/web/app_dev.php/images/map_marker.png,1510718891,,404
a78286,::1,GET,http://localhost:90/www/Esprit4All_Symfony/web/app_dev.php/restaurent,1510718967,,200
17f746,::1,GET,http://localhost:90/www/Esprit4All_Symfony/web/app_dev.php/restaurent,1510718970,,200
2d7e80,::1,GET,http://localhost:90/www/Esprit4All_Symfony/web/app_dev.php/images/map_marker.png,1510718971,9f906d,200
9f906d,::1,GET,http://localhost:90/www/Esprit4All_Symfony/web/app_dev.php/images/map_marker.png,1510718971,,404
b38d66,::1,GET,http://localhost:90/www/Esprit4All_Symfony/web/app_dev.php/restaurent,1510719213,,200
424736,::1,GET,http://localhost:90/www/Esprit4All_Symfony/web/app_dev.php/restaurent,1510719215,,200
5bdc65,::1,GET,http://localhost:90/www/Esprit4All_Symfony/web/app_dev.php/images/map_marker.png,1510719216,d13aeb,200
d13aeb,::1,GET,http://localhost:90/www/Esprit4All_Symfony/web/app_dev.php/images/map_marker.png,1510719216,,404
106f3c,::1,GET,http://localhost:90/www/Esprit4All_Symfony/web/app_dev.php/restaurent,1510719308,,200
18310f,::1,GET,http://localhost:90/www/Esprit4All_Symfony/web/app_dev.php/restaurent,1510719311,,200
37e39b,::1,GET,http://localhost:90/www/Esprit4All_Symfony/web/app_dev.php/images/map_marker.png,1510719312,0f8bb2,200
0f8bb2,::1,GET,http://localhost:90/www/Esprit4All_Symfony/web/app_dev.php/images/map_marker.png,1510719312,,404
